start_time,end_time,uptime,cputime,process_name,uid,pid,process_usage
1626672087003,1626681101387,300612,2363250,system_server,1000,1100,39520
1626672087003,1626681101387,300612,2363250,android.system.suspend@1.0-service,1000,706,26610
1626672087003,1626681101387,300612,2363250,com.google.android.gms,10103,22132,10120
1626672087003,1626681101387,300612,2363250,ueventd,0,593,8710
1626672087003,1626681101387,300612,2363250,com.google.android.gms.persistent,10103,27268,5480
1626681101387,1626693819721,300226,2368100,android.system.suspend@1.0-service,1000,706,26090
1626681101387,1626693819721,300226,2368100,system_server,1000,1100,25670
1626681101387,1626693819721,300226,2368100,ueventd,0,593,8660
1626681101387,1626693819721,300226,2368100,com.sec.android.sdhms,1000,4296,4170
1626681101387,1626693819721,300226,2368100,com.google.android.gms,10103,22132,3330
1626693819721,1626703756713,300196,2363360,system_server,1000,1100,37270
1626693819721,1626703756713,300196,2363360,android.system.suspend@1.0-service,1000,706,26470
1626693819721,1626703756713,300196,2363360,ueventd,0,593,8930
1626693819721,1626703756713,300196,2363360,com.google.android.gms.persistent,10103,27268,5550
1626693819721,1626703756713,300196,2363360,com.sec.android.sdhms,1000,4296,3630
1626703756713,1626711865828,300204,2362020,system_server,1000,1100,31190
1626703756713,1626711865828,300204,2362020,android.system.suspend@1.0-service,1000,706,27110
1626703756713,1626711865828,300204,2362020,ueventd,0,593,9250
1626703756713,1626711865828,300204,2362020,vendor.samsung.hardware.biometrics.fingerprint@3.0-service,1000,1251,6330
1626703756713,1626711865828,300204,2362020,com.google.android.gms.persistent,10103,27268,6060
1626711865828,1626723385366,300165,2364180,system_server,1000,1100,33760
1626711865828,1626723385366,300165,2364180,android.system.suspend@1.0-service,1000,706,24140
1626711865828,1626723385366,300165,2364180,ueventd,0,593,8490
1626711865828,1626723385366,300165,2364180,com.google.android.gms.persistent,10103,27268,5580
1626711865828,1626723385366,300165,2364180,com.google.android.gms,10103,7441,4590
1626723385366,1626731152372,300189,2364400,system_server,1000,1100,54050
1626723385366,1626731152372,300189,2364400,android.system.suspend@1.0-service,1000,706,21510
1626723385366,1626731152372,300189,2364400,com.google.android.gms.persistent,10103,27268,12300
1626723385366,1626731152372,300189,2364400,com.android.systemui,10060,1995,8800
1626723385366,1626731152372,300189,2364400,com.google.android.gms,10103,7441,7640
1626731152372,1626731452507,300135,2359410,com.twitter.android,10306,5943,54110
1626731152372,1626731452507,300135,2359410,system_server,1000,1100,41560
1626731152372,1626731452507,300135,2359410,surfaceflinger,1000,989,36580
1626731152372,1626731452507,300135,2359410,com.android.systemui,10060,1995,13440
1626731152372,1626731452507,300135,2359410,android.hardware.graphics.composer@2.4-service,1000,855,11010
1626731452507,1626731752672,300165,2360950,surfaceflinger,1000,989,35220
1626731452507,1626731752672,300165,2360950,system_server,1000,1100,34760
1626731452507,1626731752672,300165,2360950,com.twitter.android,10306,5943,29390
1626731452507,1626731752672,300165,2360950,com.instagram.android,10300,1498,17080
1626731452507,1626731752672,300165,2360950,android.hardware.graphics.composer@2.4-service,1000,855,11380
1626731752672,1626732961752,300113,2354520,system_server,1000,1100,57160
1626731752672,1626732961752,300113,2354520,surfaceflinger,1000,989,32810
1626731752672,1626732961752,300113,2354520,com.samsung.android.honeyboard,10260,5105,14760
1626731752672,1626732961752,300113,2354520,android.hardware.graphics.composer@2.4-service,1000,855,10320
1626731752672,1626732961752,300113,2354520,com.android.systemui,10060,1995,9130
1626732961752,1626733278798,300145,2359910,system_server,1000,1100,41930
1626732961752,1626733278798,300145,2359910,surfaceflinger,1000,989,25600
1626732961752,1626733278798,300145,2359910,com.samsung.android.honeyboard,10260,5105,18490
1626732961752,1626733278798,300145,2359910,com.samsung.android.messaging,10136,3068,12870
1626732961752,1626733278798,300145,2359910,com.android.systemui,10060,1995,10430
1626733278798,1626733676107,300219,2370970,com.zhiliaoapp.musically,10302,5250,122620
1626733278798,1626733676107,300219,2370970,surfaceflinger,1000,989,57980
1626733278798,1626733676107,300219,2370970,system_server,1000,1100,35240
1626733278798,1626733676107,300219,2370970,audioserver,1041,966,27660
1626733278798,1626733676107,300219,2370970,android.hardware.graphics.composer@2.4-service,1000,855,21430
1626733676107,1626734407817,300217,2376750,com.zhiliaoapp.musically,10302,5250,158470
1626733676107,1626734407817,300217,2376750,surfaceflinger,1000,989,56750
1626733676107,1626734407817,300217,2376750,audioserver,1041,966,32010
1626733676107,1626734407817,300217,2376750,system_server,1000,1100,30790
1626733676107,1626734407817,300217,2376750,android.hardware.graphics.composer@2.4-service,1000,855,23720
1626734407817,1626736454619,300206,2379520,system_server,1000,1100,19850
1626734407817,1626736454619,300206,2379520,android.system.suspend@1.0-service,1000,706,9120
1626734407817,1626736454619,300206,2379520,com.android.systemui,10060,1995,3760
1626734407817,1626736454619,300206,2379520,ueventd,0,593,3640
1626734407817,1626736454619,300206,2379520,kworker/u16:7,0,19005,3430
1626736454619,1626741836946,300180,2358230,system_server,1000,1100,43110
1626736454619,1626741836946,300180,2358230,surfaceflinger,1000,989,18790
1626736454619,1626741836946,300180,2358230,android.system.suspend@1.0-service,1000,706,16320
1626736454619,1626741836946,300180,2358230,com.android.systemui,10060,1995,6750
1626736454619,1626741836946,300180,2358230,ueventd,0,593,6610
1626741836946,1626742622090,300156,2363950,system_server,1000,1100,33990
1626741836946,1626742622090,300156,2363950,surfaceflinger,1000,989,15740
1626741836946,1626742622090,300156,2363950,com.android.systemui,10060,1995,9250
1626741836946,1626742622090,300156,2363950,com.samsung.android.messaging,10136,3068,8970
1626741836946,1626742622090,300156,2363950,com.cargurus.mobileApp,10327,27111,6190
1626742622090,1626742922288,300199,2360740,system_server,1000,1100,30020
1626742622090,1626742922288,300199,2360740,surfaceflinger,1000,989,24630
1626742622090,1626742922288,300199,2360740,com.samsung.android.messaging,10136,3068,19710
1626742622090,1626742922288,300199,2360740,com.samsung.android.honeyboard,10260,5105,17830
1626742622090,1626742922288,300199,2360740,com.android.systemui,10060,1995,8640
1626742922288,1626743222458,300169,2364250,system_server,1000,1100,42770
1626742922288,1626743222458,300169,2364250,com.android.systemui,10060,1995,17690
1626742922288,1626743222458,300169,2364250,surfaceflinger,1000,989,15810
1626742922288,1626743222458,300169,2364250,com.samsung.android.messaging,10136,3068,6670
1626742922288,1626743222458,300169,2364250,com.instagram.android,10300,1498,5710
1626743222458,1626743522667,300209,2362760,system_server,1000,1100,45620
1626743222458,1626743522667,300209,2362760,surfaceflinger,1000,989,16270
1626743222458,1626743522667,300209,2362760,com.android.systemui,10060,1995,12770
1626743222458,1626743522667,300209,2362760,com.samsung.android.messaging,10136,3068,9950
1626743222458,1626743522667,300209,2362760,com.samsung.android.honeyboard,10260,5105,7050
1626743522667,1626743822909,300242,2374750,system_server,1000,1100,15610
1626743522667,1626743822909,300242,2374750,com.android.systemui,10060,1995,6840
1626743522667,1626743822909,300242,2374750,com.instagram.android,10300,1498,5950
1626743522667,1626743822909,300242,2374750,com.zhiliaoapp.musically,10302,5250,4820
1626743522667,1626743822909,300242,2374750,kworker/u16:3,0,31896,4320
1626743822909,1626744123130,300221,2373560,system_server,1000,1100,22120
1626743822909,1626744123130,300221,2373560,com.google.android.gm,10189,32115,11090
1626743822909,1626744123130,300221,2373560,com.android.systemui,10060,1995,6910
1626743822909,1626744123130,300221,2373560,com.instagram.android,10300,1498,6100
1626743822909,1626744123130,300221,2373560,com.zhiliaoapp.musically,10302,5250,5110
1626744123130,1626744423241,300111,2371910,system_server,1000,1100,19730
1626744123130,1626744423241,300111,2371910,com.android.systemui,10060,1995,6750
1626744123130,1626744423241,300111,2371910,com.instagram.android,10300,1498,5930
1626744123130,1626744423241,300111,2371910,com.google.android.gm,10189,32115,5090
1626744123130,1626744423241,300111,2371910,com.zhiliaoapp.musically,10302,5250,4930
1626744423241,1626744723401,300160,2371180,com.google.android.gm,10189,32115,70720
1626744423241,1626744723401,300160,2371180,com.upside.consumer.android,10312,4531,18860
1626744423241,1626744723401,300160,2371180,system_server,1000,1100,18320
1626744423241,1626744723401,300160,2371180,com.google.android.gms:snet,10103,5023,16800
1626744423241,1626744723401,300160,2371180,com.google.android.gms,10103,7441,13950
1626744723401,1626745023573,300172,2371980,com.upside.consumer.android,10312,4531,19930
1626744723401,1626745023573,300172,2371980,system_server,1000,1100,15460
1626744723401,1626745023573,300172,2371980,com.android.systemui,10060,1995,6630
1626744723401,1626745023573,300172,2371980,com.instagram.android,10300,1498,6210
1626744723401,1626745023573,300172,2371980,com.zhiliaoapp.musically,10302,5250,5130
1626745023573,1626745481587,300219,2361570,system_server,1000,1100,32850
1626745023573,1626745481587,300219,2361570,com.upside.consumer.android,10312,4531,19430
1626745023573,1626745481587,300219,2361570,android.system.suspend@1.0-service,1000,706,15190
1626745023573,1626745481587,300219,2361570,com.android.systemui,10060,1995,9710
1626745023573,1626745481587,300219,2361570,ueventd,0,593,6730
1626745481587,1626746399370,300159,2336680,android.system.suspend@1.0-service,1000,706,46550
1626745481587,1626746399370,300159,2336680,system_server,1000,1100,38620
1626745481587,1626746399370,300159,2336680,ueventd,0,593,18780
1626745481587,1626746399370,300159,2336680,com.upside.consumer.android,10312,4531,15960
1626745481587,1626746399370,300159,2336680,com.android.systemui,10060,1995,13140
1626746399370,1626748914911,300146,2337390,android.system.suspend@1.0-service,1000,706,41460
1626746399370,1626748914911,300146,2337390,system_server,1000,1100,28670
1626746399370,1626748914911,300146,2337390,surfaceflinger,1000,989,20880
1626746399370,1626748914911,300146,2337390,ueventd,0,593,14780
1626746399370,1626748914911,300146,2337390,com.cargurus.mobileApp,10327,27111,12300
1626748914911,1626749215124,300212,2347710,com.cargurus.mobileApp,10327,27111,80000
1626748914911,1626749215124,300212,2347710,com.google.android.webview:sandboxed_process0:org.chromium.content.app.SandboxedProcessService0:0,10327,27585,59590
1626748914911,1626749215124,300212,2347710,surfaceflinger,1000,989,38930
1626748914911,1626749215124,300212,2347710,system_server,1000,1100,27670
1626748914911,1626749215124,300212,2347710,android.hardware.graphics.composer@2.4-service,1000,855,7770
1626749215124,1626749515222,300098,2345180,com.cargurus.mobileApp,10327,27111,89010
1626749215124,1626749515222,300098,2345180,com.google.android.webview:sandboxed_process0:org.chromium.content.app.SandboxedProcessService0:0,10327,27585,82600
1626749215124,1626749515222,300098,2345180,surfaceflinger,1000,989,39800
1626749215124,1626749515222,300098,2345180,system_server,1000,1100,25440
1626749215124,1626749515222,300098,2345180,android.hardware.graphics.composer@2.4-service,1000,855,8160
1626749515222,1626749815425,300203,2345130,com.cargurus.mobileApp,10327,27111,99650
1626749515222,1626749815425,300203,2345130,com.google.android.webview:sandboxed_process0:org.chromium.content.app.SandboxedProcessService0:0,10327,27585,80560
1626749515222,1626749815425,300203,2345130,surfaceflinger,1000,989,43820
1626749515222,1626749815425,300203,2345130,system_server,1000,1100,25280
1626749515222,1626749815425,300203,2345130,android.hardware.graphics.composer@2.4-service,1000,855,10320
1626749815425,1626751108478,300114,2366370,com.cargurus.mobileApp,10327,27111,29560
1626749815425,1626751108478,300114,2366370,com.google.android.webview:sandboxed_process0:org.chromium.content.app.SandboxedProcessService0:0,10327,27585,23580
1626749815425,1626751108478,300114,2366370,system_server,1000,1100,17390
1626749815425,1626751108478,300114,2366370,surfaceflinger,1000,989,13830
1626749815425,1626751108478,300114,2366370,android.system.suspend@1.0-service,1000,706,6900
1626751108478,1626755800732,300229,2370140,system_server,1000,1100,26040
1626751108478,1626755800732,300229,2370140,android.system.suspend@1.0-service,1000,706,20440
1626751108478,1626755800732,300229,2370140,ueventd,0,593,7320
1626751108478,1626755800732,300229,2370140,com.google.android.gms.persistent,10103,25238,3350
1626751108478,1626755800732,300229,2370140,com.google.android.gms,10103,7441,2780
1626755800732,1626761119602,300198,2380660,system_server,1000,1100,19110
1626755800732,1626761119602,300198,2380660,android.system.suspend@1.0-service,1000,706,9740
1626755800732,1626761119602,300198,2380660,ueventd,0,593,3770
1626755800732,1626761119602,300198,2380660,com.google.android.gms.persistent,10103,25238,3250
1626755800732,1626761119602,300198,2380660,com.sec.android.sdhms,1000,4296,2450
1626761119602,1626767486625,300240,2367430,system_server,1000,1100,33240
1626761119602,1626767486625,300240,2367430,android.system.suspend@1.0-service,1000,706,24160
1626761119602,1626767486625,300240,2367430,com.android.vending,10119,14349,17490
1626761119602,1626767486625,300240,2367430,com.google.android.gms,10103,7441,8840
1626761119602,1626767486625,300240,2367430,ueventd,0,593,8160
1626767486625,1626778346690,300214,2373980,system_server,1000,1100,32540
1626767486625,1626778346690,300214,2373980,android.system.suspend@1.0-service,1000,706,16080
1626767486625,1626778346690,300214,2373980,com.google.android.gms.persistent,10103,25238,5950
1626767486625,1626778346690,300214,2373980,ueventd,0,593,5240
1626767486625,1626778346690,300214,2373980,com.sec.android.sdhms,1000,4296,4010
1626778346690,1626791784582,300348,2369900,system_server,1000,1100,23460
1626778346690,1626791784582,300348,2369900,android.system.suspend@1.0-service,1000,706,23250
1626778346690,1626791784582,300348,2369900,ueventd,0,593,7730
1626778346690,1626791784582,300348,2369900,com.sec.android.sdhms,1000,4296,4450
1626778346690,1626791784582,300348,2369900,com.zhiliaoapp.musically,10302,5250,3090
1626791784582,1626797176077,300198,2364530,system_server,1000,1100,33580
1626791784582,1626797176077,300198,2364530,android.system.suspend@1.0-service,1000,706,27170
1626791784582,1626797176077,300198,2364530,com.google.android.gms.persistent,10103,25238,13760
1626791784582,1626797176077,300198,2364530,ueventd,0,593,8940
1626791784582,1626797176077,300198,2364530,com.android.systemui,10060,1995,3660
1626797176077,1626802164600,300162,2363140,system_server,1000,1100,34390
1626797176077,1626802164600,300162,2363140,android.system.suspend@1.0-service,1000,706,23530
1626797176077,1626802164600,300162,2363140,com.google.android.gms.persistent,10103,25238,16770
1626797176077,1626802164600,300162,2363140,ueventd,0,593,7660
1626797176077,1626802164600,300162,2363140,android.hardware.sensors@2.0-service.multihal,1000,859,3660
1626802164600,1626802580392,300215,2364190,system_server,1000,1100,60510
1626802164600,1626802580392,300215,2364190,com.google.android.gms.persistent,10103,25238,50540
1626802164600,1626802580392,300215,2364190,android.hardware.sensors@2.0-service.multihal,1000,859,37780
1626802164600,1626802580392,300215,2364190,com.sec.location.nsflp2,5013,3188,13080
1626802164600,1626802580392,300215,2364190,qrtr_rx,0,878,10380
1626802580392,1626806666273,300204,2356880,system_server,1000,1100,41490
1626802580392,1626806666273,300204,2356880,android.system.suspend@1.0-service,1000,706,24100
1626802580392,1626806666273,300204,2356880,surfaceflinger,1000,989,11990
1626802580392,1626806666273,300204,2356880,com.google.android.gms.persistent,10103,25238,10410
1626802580392,1626806666273,300204,2356880,com.android.vending,10119,17262,8440
1626806666273,1626807665721,300166,2360570,system_server,1000,1100,53180
1626806666273,1626807665721,300166,2360570,com.android.systemui,10060,1995,25550
1626806666273,1626807665721,300166,2360570,surfaceflinger,1000,989,16930
1626806666273,1626807665721,300166,2360570,android.system.suspend@1.0-service,1000,706,14620
1626806666273,1626807665721,300166,2360570,com.google.android.gms.persistent,10103,25238,11730
1626807665721,1626807971163,300495,2361360,vendor.samsung.hardware.camera.provider@4.0-service,1047,891,184930
1626807665721,1626807971163,300495,2361360,surfaceflinger,1000,989,43070
1626807665721,1626807971163,300495,2361360,system_server,1000,1100,39130
1626807665721,1626807971163,300495,2361360,audioserver,1041,966,26070
1626807665721,1626807971163,300495,2361360,media.codec,1046,1174,23450
1626807971163,1626810953319,300187,2360540,android.system.suspend@1.0-service,1000,706,30500
1626807971163,1626810953319,300187,2360540,system_server,1000,1100,29130
1626807971163,1626810953319,300187,2360540,com.google.android.gms.persistent,10103,25238,11410
1626807971163,1626810953319,300187,2360540,ueventd,0,593,10350
1626807971163,1626810953319,300187,2360540,android.hardware.sensors@2.0-service.multihal,1000,859,3100
1626810953319,1626812239148,300202,2363370,system_server,1000,1100,47400
1626810953319,1626812239148,300202,2363370,surfaceflinger,1000,989,16570
1626810953319,1626812239148,300202,2363370,android.system.suspend@1.0-service,1000,706,14730
1626810953319,1626812239148,300202,2363370,com.android.systemui,10060,1995,11610
1626810953319,1626812239148,300202,2363370,com.google.android.gms.persistent,10103,25238,10560
1626812239148,1626813102157,300170,2357380,system_server,1000,1100,42770
1626812239148,1626813102157,300170,2357380,surfaceflinger,1000,989,22800
1626812239148,1626813102157,300170,2357380,com.instagram.android,10300,1498,19020
1626812239148,1626813102157,300170,2357380,com.samsung.android.honeyboard,10260,5105,11940
1626812239148,1626813102157,300170,2357380,com.android.systemui,10060,1995,11850
1626813102157,1626814288476,300161,2360590,system_server,1000,1100,45230
1626813102157,1626814288476,300161,2360590,surfaceflinger,1000,989,22730
1626813102157,1626814288476,300161,2360590,com.twitter.android,10306,5943,17850
1626813102157,1626814288476,300161,2360590,com.android.systemui,10060,1995,15200
1626813102157,1626814288476,300161,2360590,com.instagram.android,10300,1498,11150
1626814288476,1626820671187,300154,2368840,system_server,1000,1100,35460
1626814288476,1626820671187,300154,2368840,com.google.android.gms.persistent,10103,25238,14850
1626814288476,1626820671187,300154,2368840,android.system.suspend@1.0-service,1000,706,14560
1626814288476,1626820671187,300154,2368840,vendor.samsung.hardware.biometrics.fingerprint@3.0-service,1000,1251,7050
1626814288476,1626820671187,300154,2368840,ueventd,0,593,5180
1626820671187,1626827417163,300249,2372440,system_server,1000,1100,20930
1626820671187,1626827417163,300249,2372440,android.system.suspend@1.0-service,1000,706,18210
1626820671187,1626827417163,300249,2372440,ueventd,0,593,6400
1626820671187,1626827417163,300249,2372440,com.google.android.gms.persistent,10103,25238,3610
1626820671187,1626827417163,300249,2372440,com.sec.android.sdhms,1000,4296,3180
1626827417163,1626833660224,300188,2373580,system_server,1000,1100,20940
1626827417163,1626833660224,300188,2373580,android.system.suspend@1.0-service,1000,706,14080
1626827417163,1626833660224,300188,2373580,ueventd,0,593,5130
1626827417163,1626833660224,300188,2373580,kworker/u16:3,0,30176,3560
1626827417163,1626833660224,300188,2373580,com.sec.android.sdhms,1000,4296,3070
1626833660224,1626835623187,300374,2368850,system_server,1000,1100,36910
1626833660224,1626835623187,300374,2368850,com.instagram.android,10300,1498,12900
1626833660224,1626835623187,300374,2368850,android.system.suspend@1.0-service,1000,706,12860
1626833660224,1626835623187,300374,2368850,surfaceflinger,1000,989,7270
1626833660224,1626835623187,300374,2368850,com.google.android.gms.persistent,10103,10127,5920
1626835623187,1626838447649,300173,2378210,system_server,1000,1100,29660
1626835623187,1626838447649,300173,2378210,com.google.android.gms.persistent,10103,10127,12830
1626835623187,1626838447649,300173,2378210,android.system.suspend@1.0-service,1000,706,9950
1626835623187,1626838447649,300173,2378210,com.google.android.gms,10103,19409,8090
1626835623187,1626838447649,300173,2378210,kworker/u16:4,0,21880,3880
1626838447649,1626847527979,300228,2368430,system_server,1000,1100,27560
1626838447649,1626847527979,300228,2368430,android.system.suspend@1.0-service,1000,706,20260
1626838447649,1626847527979,300228,2368430,ueventd,0,593,6830
1626838447649,1626847527979,300228,2368430,com.google.android.gms.persistent,10103,10127,4070
1626838447649,1626847527979,300228,2368430,com.sec.android.sdhms,1000,4296,3560
1626847527979,1626852293569,300589,2378370,system_server,1000,1100,19360
1626847527979,1626852293569,300589,2378370,android.system.suspend@1.0-service,1000,706,11570
1626847527979,1626852293569,300589,2378370,ueventd,0,593,4060
1626847527979,1626852293569,300589,2378370,kworker/u16:1,0,20387,3870
1626847527979,1626852293569,300589,2378370,com.google.android.gms.persistent,10103,10127,3440
1626852293569,1626865049546,300169,2364580,system_server,1000,1100,39050
1626852293569,1626865049546,300169,2364580,android.system.suspend@1.0-service,1000,706,25980
1626852293569,1626865049546,300169,2364580,com.android.vending,10119,16590,19320
1626852293569,1626865049546,300169,2364580,com.google.android.gms,10103,19409,17280
1626852293569,1626865049546,300169,2364580,ueventd,0,593,8570
1626865049546,1626876306519,300176,2361910,system_server,1000,1100,35700
1626865049546,1626876306519,300176,2361910,android.system.suspend@1.0-service,1000,706,26470
1626865049546,1626876306519,300176,2361910,ueventd,0,593,8410
1626865049546,1626876306519,300176,2361910,com.google.android.gms.persistent,10103,10127,6720
1626865049546,1626876306519,300176,2361910,com.sec.android.sdhms,1000,4296,4350
1626876306519,1626877626931,300252,2364480,system_server,1000,1100,48780
1626876306519,1626877626931,300252,2364480,com.google.android.gms.persistent,10103,10127,38570
1626876306519,1626877626931,300252,2364480,android.hardware.sensors@2.0-service.multihal,1000,859,28360
1626876306519,1626877626931,300252,2364480,com.sec.location.nsflp2,5013,3188,9930
1626876306519,1626877626931,300252,2364480,android.system.suspend@1.0-service,1000,706,7900
1626877626931,1626878501173,300207,2359290,system_server,1000,1100,56400
1626877626931,1626878501173,300207,2359290,surfaceflinger,1000,989,22040
1626877626931,1626878501173,300207,2359290,com.google.android.gms.persistent,10103,10127,20420
1626877626931,1626878501173,300207,2359290,com.android.systemui,10060,1995,16860
1626877626931,1626878501173,300207,2359290,android.hardware.sensors@2.0-service.multihal,1000,859,12850
1626878501173,1626879130507,300225,2359790,system_server,1000,1100,26620
1626878501173,1626879130507,300225,2359790,android.system.suspend@1.0-service,1000,706,18170
1626878501173,1626879130507,300225,2359790,com.android.systemui,10060,1995,12390
1626878501173,1626879130507,300225,2359790,com.instagram.android,10300,1498,8010
1626878501173,1626879130507,300225,2359790,surfaceflinger,1000,989,7180
1626879130507,1626879820142,300215,2356870,system_server,1000,1100,45780
1626879130507,1626879820142,300215,2356870,android.system.suspend@1.0-service,1000,706,20420
1626879130507,1626879820142,300215,2356870,com.android.systemui,10060,1995,11560
1626879130507,1626879820142,300215,2356870,ueventd,0,593,7860
1626879130507,1626879820142,300215,2356870,com.instagram.android,10300,1498,7500
1626879820142,1626880572664,300115,2353690,system_server,1000,1100,33300
1626879820142,1626880572664,300115,2353690,android.system.suspend@1.0-service,1000,706,25120
1626879820142,1626880572664,300115,2353690,com.upside.consumer.android,10312,26095,17660
1626879820142,1626880572664,300115,2353690,com.android.systemui,10060,1995,10210
1626879820142,1626880572664,300115,2353690,ueventd,0,593,9960
1626880572664,1626881486956,300393,2348760,android.system.suspend@1.0-service,1000,706,35170
1626880572664,1626881486956,300393,2348760,com.upside.consumer.android,10312,26095,20100
1626880572664,1626881486956,300393,2348760,system_server,1000,1100,16310
1626880572664,1626881486956,300393,2348760,ueventd,0,593,14930
1626880572664,1626881486956,300393,2348760,com.instagram.android,10300,1498,7090
1626881486956,1626882379262,300457,2340520,android.system.suspend@1.0-service,1000,706,46730
1626881486956,1626882379262,300457,2340520,system_server,1000,1100,22930
1626881486956,1626882379262,300457,2340520,com.upside.consumer.android,10312,26095,20160
1626881486956,1626882379262,300457,2340520,ueventd,0,593,19600
1626881486956,1626882379262,300457,2340520,com.android.phone,1001,1961,6940
1626882379262,1626883088105,300189,2347540,android.system.suspend@1.0-service,1000,706,32030
1626882379262,1626883088105,300189,2347540,com.upside.consumer.android,10312,26095,20200
1626882379262,1626883088105,300189,2347540,system_server,1000,1100,19700
1626882379262,1626883088105,300189,2347540,ueventd,0,593,12760
1626882379262,1626883088105,300189,2347540,com.instagram.android,10300,1498,7300
1626883088105,1626884147079,300186,2362430,system_server,1000,1100,42710
1626883088105,1626884147079,300186,2362430,surfaceflinger,1000,989,18130
1626883088105,1626884147079,300186,2362430,com.android.systemui,10060,1995,15880
1626883088105,1626884147079,300186,2362430,com.upside.consumer.android,10312,26095,13020
1626883088105,1626884147079,300186,2362430,android.system.suspend@1.0-service,1000,706,10210
1626884147079,1626884447276,300197,2328790,surfaceflinger,1000,989,60840
1626884147079,1626884447276,300197,2328790,system_server,1000,1100,23020
1626884147079,1626884447276,300197,2328790,media.codec,1046,1174,19320
1626884147079,1626884447276,300197,2328790,audioserver,1041,966,16150
1626884147079,1626884447276,300197,2328790,android.hardware.graphics.composer@2.4-service,1000,855,12970
1626884447276,1626884747471,300195,2320950,com.google.android.youtube,10246,31834,103430
1626884447276,1626884747471,300195,2320950,surfaceflinger,1000,989,70280
1626884447276,1626884747471,300195,2320950,media.codec,1046,1174,24040
1626884447276,1626884747471,300195,2320950,audioserver,1041,966,20310
1626884447276,1626884747471,300195,2320950,system_server,1000,1100,17010
1626884747471,1626885047655,300184,2324910,com.google.android.youtube,10246,31834,97460
1626884747471,1626885047655,300184,2324910,surfaceflinger,1000,989,69890
1626884747471,1626885047655,300184,2324910,media.codec,1046,1174,23970
1626884747471,1626885047655,300184,2324910,audioserver,1041,966,20480
1626884747471,1626885047655,300184,2324910,com.upside.consumer.android,10312,32695,17610
1626885047655,1626885347869,300214,2322460,com.google.android.youtube,10246,31834,102550
1626885047655,1626885347869,300214,2322460,surfaceflinger,1000,989,70370
1626885047655,1626885347869,300214,2322460,media.codec,1046,1174,23950
1626885047655,1626885347869,300214,2322460,audioserver,1041,966,20480
1626885047655,1626885347869,300214,2322460,com.upside.consumer.android,10312,32695,17680
1626885347869,1626885647969,300100,2326940,com.google.android.youtube,10246,31834,105660
1626885347869,1626885647969,300100,2326940,surfaceflinger,1000,989,71540
1626885347869,1626885647969,300100,2326940,media.codec,1046,1174,25210
1626885347869,1626885647969,300100,2326940,audioserver,1041,966,18940
1626885347869,1626885647969,300100,2326940,com.upside.consumer.android,10312,32695,18600
1626885647969,1626885948195,300226,2322760,com.google.android.youtube,10246,31834,107670
1626885647969,1626885948195,300226,2322760,surfaceflinger,1000,989,74630
1626885647969,1626885948195,300226,2322760,media.codec,1046,1174,25630
1626885647969,1626885948195,300226,2322760,system_server,1000,1100,21360
1626885647969,1626885948195,300226,2322760,audioserver,1041,966,18950
1626885948195,1626886248394,300199,2325880,com.google.android.youtube,10246,31834,104170
1626885948195,1626886248394,300199,2325880,surfaceflinger,1000,989,70350
1626885948195,1626886248394,300199,2325880,media.codec,1046,1174,23730
1626885948195,1626886248394,300199,2325880,audioserver,1041,966,20240
1626885948195,1626886248394,300199,2325880,com.upside.consumer.android,10312,32695,17890
1626886248394,1626886548555,300161,2348260,com.google.android.youtube,10246,31834,56500
1626886248394,1626886548555,300161,2348260,surfaceflinger,1000,989,41830
1626886248394,1626886548555,300161,2348260,system_server,1000,1100,21900
1626886248394,1626886548555,300161,2348260,com.upside.consumer.android,10312,32695,18680
1626886248394,1626886548555,300161,2348260,media.codec,1046,1174,11300
1626886548555,1626886848773,300217,2376530,com.upside.consumer.android,10312,32695,18150
1626886548555,1626886848773,300217,2376530,system_server,1000,1100,9940
1626886548555,1626886848773,300217,2376530,com.instagram.android,10300,1498,8090
1626886548555,1626886848773,300217,2376530,com.zhiliaoapp.musically,10302,5250,4500
1626886548555,1626886848773,300217,2376530,com.android.phone,1001,1961,3460
1626886848773,1626887148956,300184,2375970,com.upside.consumer.android,10312,32695,18370
1626886848773,1626887148956,300184,2375970,com.instagram.android,10300,1498,8010
1626886848773,1626887148956,300184,2375970,system_server,1000,1100,7950
1626886848773,1626887148956,300184,2375970,com.zhiliaoapp.musically,10302,5250,4150
1626886848773,1626887148956,300184,2375970,kworker/u16:6,0,4530,3220
1626887148956,1626887449155,300199,2376560,com.instagram.android,10300,1498,8210
1626887148956,1626887449155,300199,2376560,system_server,1000,1100,7990
1626887148956,1626887449155,300199,2376560,com.zhiliaoapp.musically,10302,5250,4060
1626887148956,1626887449155,300199,2376560,kworker/u16:6,0,4530,3290
1626887148956,1626887449155,300199,2376560,com.android.phone,1001,1961,3090
1626887449155,1626887749346,300191,2377180,com.instagram.android,10300,1498,8320
1626887449155,1626887749346,300191,2377180,system_server,1000,1100,6060
1626887449155,1626887749346,300191,2377180,com.zhiliaoapp.musically,10302,5250,4580
1626887449155,1626887749346,300191,2377180,kworker/u16:0,0,5796,3230
1626887449155,1626887749346,300191,2377180,com.facebook.katana,10229,5035,2690
1626887749346,1626888049516,300170,2377130,system_server,1000,1100,8390
1626887749346,1626888049516,300170,2377130,com.instagram.android,10300,1498,8270
1626887749346,1626888049516,300170,2377130,com.zhiliaoapp.musically,10302,5250,4200
1626887749346,1626888049516,300170,2377130,com.android.phone,1001,1961,3420
1626887749346,1626888049516,300170,2377130,kworker/u16:0,0,5796,3010
1626888049516,1626888349698,300182,2375870,system_server,1000,1100,12010
1626888049516,1626888349698,300182,2375870,com.instagram.android,10300,1498,8270
1626888049516,1626888349698,300182,2375870,com.zhiliaoapp.musically,10302,5250,4320
1626888049516,1626888349698,300182,2375870,kworker/u16:6,0,4530,3610
1626888049516,1626888349698,300182,2375870,com.facebook.katana,10229,5035,2830
1626888349698,1626888649894,300196,2375710,com.upside.consumer.android,10312,7051,18220
1626888349698,1626888649894,300196,2375710,com.instagram.android,10300,1498,8040
1626888349698,1626888649894,300196,2375710,system_server,1000,1100,7620
1626888349698,1626888649894,300196,2375710,com.zhiliaoapp.musically,10302,5250,5300
1626888349698,1626888649894,300196,2375710,kworker/u16:6,0,4530,3640
1626888649894,1626888950116,300222,2376590,com.upside.consumer.android,10312,7051,18410
1626888649894,1626888950116,300222,2376590,com.instagram.android,10300,1498,8410
1626888649894,1626888950116,300222,2376590,system_server,1000,1100,6130
1626888649894,1626888950116,300222,2376590,com.zhiliaoapp.musically,10302,5250,4210
1626888649894,1626888950116,300222,2376590,kworker/u16:6,0,4530,3960
1626888950116,1626889250308,300191,2376210,system_server,1000,1100,31490
1626888950116,1626889250308,300191,2376210,com.google.android.apps.maps,10224,6549,21110
1626888950116,1626889250308,300191,2376210,com.upside.consumer.android,10312,7051,18780
1626888950116,1626889250308,300191,2376210,com.google.android.gms.persistent,10103,10127,14130
1626888950116,1626889250308,300191,2376210,surfaceflinger,1000,989,8870
1626889250308,1626889550515,300208,2330640,com.google.android.apps.maps,10224,6549,120680
1626889250308,1626889550515,300208,2330640,system_server,1000,1100,72710
1626889250308,1626889550515,300208,2330640,surfaceflinger,1000,989,46460
1626889250308,1626889550515,300208,2330640,com.android.systemui,10060,1995,30440
1626889250308,1626889550515,300208,2330640,android.hardware.sensors@2.0-service.multihal,1000,859,23930
1626889550515,1626889850653,300138,2331020,com.google.android.apps.maps,10224,6549,103400
1626889550515,1626889850653,300138,2331020,system_server,1000,1100,74780
1626889550515,1626889850653,300138,2331020,surfaceflinger,1000,989,44580
1626889550515,1626889850653,300138,2331020,com.android.systemui,10060,1995,30180
1626889550515,1626889850653,300138,2331020,android.hardware.sensors@2.0-service.multihal,1000,859,21430
1626889850653,1626890150821,300168,2319810,com.google.android.apps.maps,10224,6549,114100
1626889850653,1626890150821,300168,2319810,system_server,1000,1100,74070
1626889850653,1626890150821,300168,2319810,surfaceflinger,1000,989,47870
1626889850653,1626890150821,300168,2319810,com.android.systemui,10060,1995,30280
1626889850653,1626890150821,300168,2319810,android.hardware.sensors@2.0-service.multihal,1000,859,25320
1626890150821,1626890451015,300193,2333580,com.google.android.apps.maps,10224,6549,104560
1626890150821,1626890451015,300193,2333580,system_server,1000,1100,70210
1626890150821,1626890451015,300193,2333580,surfaceflinger,1000,989,45640
1626890150821,1626890451015,300193,2333580,com.android.systemui,10060,1995,28980
1626890150821,1626890451015,300193,2333580,android.hardware.sensors@2.0-service.multihal,1000,859,21330
1626890451015,1626890751259,300244,2346460,com.google.android.apps.maps,10224,6549,71170
1626890451015,1626890751259,300244,2346460,system_server,1000,1100,59960
1626890451015,1626890751259,300244,2346460,surfaceflinger,1000,989,33260
1626890451015,1626890751259,300244,2346460,com.upside.consumer.android,10312,14617,17520
1626890451015,1626890751259,300244,2346460,com.android.systemui,10060,1995,17410
1626890751259,1626891051466,300208,2370910,com.google.android.apps.maps,10224,6549,12970
1626890751259,1626891051466,300208,2370910,surfaceflinger,1000,989,11920
1626890751259,1626891051466,300208,2370910,system_server,1000,1100,9300
1626890751259,1626891051466,300208,2370910,com.instagram.android,10300,1498,8660
1626890751259,1626891051466,300208,2370910,com.zhiliaoapp.musically,10302,5250,4130
1626891051466,1626891351678,300212,2370050,system_server,1000,1100,24040
1626891051466,1626891351678,300212,2370050,com.google.android.apps.maps,10224,6549,12890
1626891051466,1626891351678,300212,2370050,surfaceflinger,1000,989,11930
1626891051466,1626891351678,300212,2370050,com.instagram.android,10300,1498,8830
1626891051466,1626891351678,300212,2370050,com.android.phone,1001,1961,7660
1626891351678,1626891651874,300196,2370270,com.upside.consumer.android,10312,18147,18470
1626891351678,1626891651874,300196,2370270,com.google.android.apps.maps,10224,6549,12830
1626891351678,1626891651874,300196,2370270,surfaceflinger,1000,989,11920
1626891351678,1626891651874,300196,2370270,com.instagram.android,10300,1498,9650
1626891351678,1626891651874,300196,2370270,system_server,1000,1100,6480
1626891651874,1626891952115,300241,2346440,com.google.android.youtube,10246,31834,68170
1626891651874,1626891952115,300241,2346440,surfaceflinger,1000,989,61110
1626891651874,1626891952115,300241,2346440,system_server,1000,1100,24170
1626891651874,1626891952115,300241,2346440,media.codec,1046,1174,18460
1626891651874,1626891952115,300241,2346440,com.upside.consumer.android,10312,18147,17970
1626891952115,1626892252314,300199,2327830,com.google.android.youtube,10246,31834,108260
1626891952115,1626892252314,300199,2327830,surfaceflinger,1000,989,80000
1626891952115,1626892252314,300199,2327830,media.codec,1046,1174,25720
1626891952115,1626892252314,300199,2327830,audioserver,1041,966,20930
1626891952115,1626892252314,300199,2327830,com.upside.consumer.android,10312,18147,17720
1626892252314,1626892552539,300225,2326560,com.google.android.youtube,10246,31834,105230
1626892252314,1626892552539,300225,2326560,surfaceflinger,1000,989,77940
1626892252314,1626892552539,300225,2326560,media.codec,1046,1174,23790
1626892252314,1626892552539,300225,2326560,audioserver,1041,966,20970
1626892252314,1626892552539,300225,2326560,system_server,1000,1100,19100
1626892552539,1626892852715,300176,2325900,com.google.android.youtube,10246,31834,100730
1626892552539,1626892852715,300176,2325900,surfaceflinger,1000,989,78660
1626892552539,1626892852715,300176,2325900,com.google.android.apps.maps,10224,6549,26050
1626892552539,1626892852715,300176,2325900,media.codec,1046,1174,22130
1626892552539,1626892852715,300176,2325900,audioserver,1041,966,19840
1626892852715,1626893152864,300149,2326280,system_server,1000,1100,81000
1626892852715,1626893152864,300149,2326280,com.google.android.apps.maps,10224,6549,77850
1626892852715,1626893152864,300149,2326280,surfaceflinger,1000,989,66000
1626892852715,1626893152864,300149,2326280,com.google.android.youtube,10246,31834,55570
1626892852715,1626893152864,300149,2326280,com.android.systemui,10060,1995,26550
1626893152864,1626893453008,300144,2332090,com.google.android.youtube,10246,31834,92890
1626893152864,1626893453008,300144,2332090,surfaceflinger,1000,989,87300
1626893152864,1626893453008,300144,2332090,com.google.android.apps.maps,10224,6549,69000
1626893152864,1626893453008,300144,2332090,system_server,1000,1100,68380
1626893152864,1626893453008,300144,2332090,android.hardware.graphics.composer@2.4-service,1000,855,36440
1626893453008,1626893753256,300248,2330630,com.google.android.youtube,10246,31834,94970
1626893453008,1626893753256,300248,2330630,surfaceflinger,1000,989,89800
1626893453008,1626893753256,300248,2330630,com.google.android.apps.maps,10224,6549,70900
1626893453008,1626893753256,300248,2330630,system_server,1000,1100,70150
1626893453008,1626893753256,300248,2330630,android.hardware.graphics.composer@2.4-service,1000,855,37600
1626893753256,1626894053356,300099,2337340,com.google.android.youtube,10246,31834,94280
1626893753256,1626894053356,300099,2337340,surfaceflinger,1000,989,88610
1626893753256,1626894053356,300099,2337340,system_server,1000,1100,72610
1626893753256,1626894053356,300099,2337340,com.google.android.apps.maps,10224,6549,68510
1626893753256,1626894053356,300099,2337340,android.hardware.graphics.composer@2.4-service,1000,855,36680
1626894053356,1626894353576,300221,2327460,com.google.android.youtube,10246,31834,97120
1626894053356,1626894353576,300221,2327460,surfaceflinger,1000,989,92460
1626894053356,1626894353576,300221,2327460,system_server,1000,1100,74360
1626894053356,1626894353576,300221,2327460,com.google.android.apps.maps,10224,6549,70660
1626894053356,1626894353576,300221,2327460,android.hardware.graphics.composer@2.4-service,1000,855,40930
1626894353576,1626894653768,300191,2328490,com.google.android.youtube,10246,31834,89870
1626894353576,1626894653768,300191,2328490,surfaceflinger,1000,989,84680
1626894353576,1626894653768,300191,2328490,system_server,1000,1100,70720
1626894353576,1626894653768,300191,2328490,com.google.android.apps.maps,10224,6549,63690
1626894353576,1626894653768,300191,2328490,android.hardware.graphics.composer@2.4-service,1000,855,33950
1626894653768,1626894954005,300237,2333140,com.google.android.youtube,10246,31834,91710
1626894653768,1626894954005,300237,2333140,surfaceflinger,1000,989,88550
1626894653768,1626894954005,300237,2333140,system_server,1000,1100,74350
1626894653768,1626894954005,300237,2333140,com.google.android.apps.maps,10224,6549,70320
1626894653768,1626894954005,300237,2333140,android.hardware.graphics.composer@2.4-service,1000,855,37290
1626894954005,1626895254183,300179,2332020,com.google.android.youtube,10246,31834,93510
1626894954005,1626895254183,300179,2332020,surfaceflinger,1000,989,89740
1626894954005,1626895254183,300179,2332020,system_server,1000,1100,73230
1626894954005,1626895254183,300179,2332020,com.google.android.apps.maps,10224,6549,65530
1626894954005,1626895254183,300179,2332020,android.hardware.graphics.composer@2.4-service,1000,855,39160
1626895254183,1626895554426,300243,2330100,com.google.android.youtube,10246,31834,100580
1626895254183,1626895554426,300243,2330100,surfaceflinger,1000,989,93860
1626895254183,1626895554426,300243,2330100,system_server,1000,1100,70220
1626895254183,1626895554426,300243,2330100,com.google.android.apps.maps,10224,6549,69670
1626895254183,1626895554426,300243,2330100,android.hardware.graphics.composer@2.4-service,1000,855,41660
1626895554426,1626895854636,300210,2328380,com.google.android.youtube,10246,31834,101830
1626895554426,1626895854636,300210,2328380,surfaceflinger,1000,989,92990
1626895554426,1626895854636,300210,2328380,system_server,1000,1100,71360
1626895554426,1626895854636,300210,2328380,com.google.android.apps.maps,10224,6549,67720
1626895554426,1626895854636,300210,2328380,android.hardware.graphics.composer@2.4-service,1000,855,39290
1626895854636,1626896154831,300195,2329910,com.google.android.youtube,10246,31834,91550
1626895854636,1626896154831,300195,2329910,surfaceflinger,1000,989,88050
1626895854636,1626896154831,300195,2329910,system_server,1000,1100,78660
1626895854636,1626896154831,300195,2329910,com.google.android.apps.maps,10224,6549,70250
1626895854636,1626896154831,300195,2329910,android.hardware.graphics.composer@2.4-service,1000,855,36520
1626896154831,1626896455031,300200,2337290,com.google.android.apps.maps,10224,6549,109560
1626896154831,1626896455031,300200,2337290,surfaceflinger,1000,989,80400
1626896154831,1626896455031,300200,2337290,system_server,1000,1100,79670
1626896154831,1626896455031,300200,2337290,com.google.android.youtube,10246,31834,60040
1626896154831,1626896455031,300200,2337290,android.hardware.graphics.composer@2.4-service,1000,855,34000
1626896455031,1626896755214,300183,2332990,com.google.android.youtube,10246,31834,99380
1626896455031,1626896755214,300183,2332990,surfaceflinger,1000,989,96930
1626896455031,1626896755214,300183,2332990,com.google.android.apps.maps,10224,6549,76780
1626896455031,1626896755214,300183,2332990,system_server,1000,1100,67010
1626896455031,1626896755214,300183,2332990,android.hardware.graphics.composer@2.4-service,1000,855,43780
1626896755214,1626897055406,300192,2332730,com.google.android.youtube,10246,31834,98040
1626896755214,1626897055406,300192,2332730,surfaceflinger,1000,989,97610
1626896755214,1626897055406,300192,2332730,com.google.android.apps.maps,10224,6549,75220
1626896755214,1626897055406,300192,2332730,system_server,1000,1100,66650
1626896755214,1626897055406,300192,2332730,android.hardware.graphics.composer@2.4-service,1000,855,43180
1626897055406,1626897355514,300108,2335590,com.google.android.apps.maps,10224,6549,102980
1626897055406,1626897355514,300108,2335590,system_server,1000,1100,72150
1626897055406,1626897355514,300108,2335590,surfaceflinger,1000,989,59600
1626897055406,1626897355514,300108,2335590,com.android.systemui,10060,1995,30850
1626897055406,1626897355514,300108,2335590,com.google.android.youtube,10246,31834,30170
1626897355514,1626897655718,300204,2335850,com.google.android.apps.maps,10224,6549,109300
1626897355514,1626897655718,300204,2335850,system_server,1000,1100,68430
1626897355514,1626897655718,300204,2335850,surfaceflinger,1000,989,45950
1626897355514,1626897655718,300204,2335850,com.android.systemui,10060,1995,31260
1626897355514,1626897655718,300204,2335850,android.hardware.sensors@2.0-service.multihal,1000,859,19210
1626897655718,1626897955927,300209,2340550,com.google.android.apps.maps,10224,6549,131670
1626897655718,1626897955927,300209,2340550,system_server,1000,1100,73150
1626897655718,1626897955927,300209,2340550,surfaceflinger,1000,989,57200
1626897655718,1626897955927,300209,2340550,com.android.systemui,10060,1995,30570
1626897655718,1626897955927,300209,2340550,com.google.android.gms.persistent,10103,10127,29730
1626897955927,1626898256085,300157,2337130,com.google.android.apps.maps,10224,6549,108430
1626897955927,1626898256085,300157,2337130,system_server,1000,1100,69760
1626897955927,1626898256085,300157,2337130,surfaceflinger,1000,989,44620
1626897955927,1626898256085,300157,2337130,com.android.systemui,10060,1995,31250
1626897955927,1626898256085,300157,2337130,android.hardware.sensors@2.0-service.multihal,1000,859,20020
1626898256085,1626898556294,300210,2331960,com.google.android.apps.maps,10224,6549,111100
1626898256085,1626898556294,300210,2331960,system_server,1000,1100,69410
1626898256085,1626898556294,300210,2331960,surfaceflinger,1000,989,46860
1626898256085,1626898556294,300210,2331960,com.android.systemui,10060,1995,32750
1626898256085,1626898556294,300210,2331960,android.hardware.sensors@2.0-service.multihal,1000,859,23090
1626898556294,1626899271498,300144,2367980,com.google.android.apps.maps,10224,6549,56210
1626898556294,1626899271498,300144,2367980,surfaceflinger,1000,989,33010
1626898556294,1626899271498,300144,2367980,system_server,1000,1100,28880
1626898556294,1626899271498,300144,2367980,com.google.android.gms.persistent,10103,10127,8820
1626898556294,1626899271498,300144,2367980,com.android.systemui,10060,1995,8670
1626899271498,1626901073977,300259,2363760,system_server,1000,1100,35560
1626899271498,1626901073977,300259,2363760,com.google.android.apps.maps,10224,6549,16710
1626899271498,1626901073977,300259,2363760,surfaceflinger,1000,989,16000
1626899271498,1626901073977,300259,2363760,com.google.android.gms.persistent,10103,10127,15730
1626899271498,1626901073977,300259,2363760,android.system.suspend@1.0-service,1000,706,15380
1626901073977,1626903110602,300148,2362950,system_server,1000,1100,38150
1626901073977,1626903110602,300148,2362950,surfaceflinger,1000,989,18260
1626901073977,1626903110602,300148,2362950,com.google.android.apps.maps,10224,6549,17060
1626901073977,1626903110602,300148,2362950,com.google.android.gms.persistent,10103,10127,15530
1626901073977,1626903110602,300148,2362950,android.system.suspend@1.0-service,1000,706,11040
1626903110602,1626903663316,300215,2354650,system_server,1000,1100,51700
1626903110602,1626903663316,300215,2354650,surfaceflinger,1000,989,29550
1626903110602,1626903663316,300215,2354650,com.android.systemui,10060,1995,20050
1626903110602,1626903663316,300215,2354650,com.instagram.android,10300,23772,13020
1626903110602,1626903663316,300215,2354650,android.system.suspend@1.0-service,1000,706,9910
1626903663316,1626906922586,300159,2365620,system_server,1000,1100,39460
1626903663316,1626906922586,300159,2365620,android.system.suspend@1.0-service,1000,706,14930
1626903663316,1626906922586,300159,2365620,com.android.systemui,10060,1995,6260
1626903663316,1626906922586,300159,2365620,ueventd,0,593,5730
1626903663316,1626906922586,300159,2365620,surfaceflinger,1000,989,5150
1626906922586,1626910076567,300161,2376740,system_server,1000,1100,33170
1626906922586,1626910076567,300161,2376740,com.google.android.gms.persistent,10103,10127,13170
1626906922586,1626910076567,300161,2376740,android.system.suspend@1.0-service,1000,706,10600
1626906922586,1626910076567,300161,2376740,com.android.systemui,10060,1995,8400
1626906922586,1626910076567,300161,2376740,com.google.android.gms,10103,28798,4850
1626910076567,1626913850463,300197,2353770,system_server,1000,1100,55810
1626910076567,1626913850463,300197,2353770,android.system.suspend@1.0-service,1000,706,26480
1626910076567,1626913850463,300197,2353770,com.android.systemui,10060,1995,18180
1626910076567,1626913850463,300197,2353770,com.google.android.gms.persistent,10103,10127,14180
1626910076567,1626913850463,300197,2353770,surfaceflinger,1000,989,9860
1626913850463,1626916720141,300199,2349560,system_server,1000,1100,67190
1626913850463,1626916720141,300199,2349560,surfaceflinger,1000,989,36330
1626913850463,1626916720141,300199,2349560,com.google.android.apps.maps,10224,28670,31270
1626913850463,1626916720141,300199,2349560,com.android.systemui,10060,1995,27520
1626913850463,1626916720141,300199,2349560,com.google.android.youtube,10246,31834,18900
1626916720141,1626917020330,300188,2349220,com.google.android.youtube,10246,31834,166100
1626916720141,1626917020330,300188,2349220,surfaceflinger,1000,989,114100
1626916720141,1626917020330,300188,2349220,com.google.android.apps.maps,10224,28670,69720
1626916720141,1626917020330,300188,2349220,system_server,1000,1100,62440
1626916720141,1626917020330,300188,2349220,android.hardware.graphics.composer@2.4-service,1000,855,58030
1626917020330,1626917320552,300222,2345220,com.google.android.youtube,10246,31834,141810
1626917020330,1626917320552,300222,2345220,surfaceflinger,1000,989,107760
1626917020330,1626917320552,300222,2345220,com.google.android.apps.maps,10224,28670,70220
1626917020330,1626917320552,300222,2345220,system_server,1000,1100,67370
1626917020330,1626917320552,300222,2345220,android.hardware.graphics.composer@2.4-service,1000,855,52690
1626917320552,1626917620654,300103,2340430,com.google.android.youtube,10246,31834,134170
1626917320552,1626917620654,300103,2340430,surfaceflinger,1000,989,104600
1626917320552,1626917620654,300103,2340430,system_server,1000,1100,69970
1626917320552,1626917620654,300103,2340430,com.google.android.apps.maps,10224,28670,69640
1626917320552,1626917620654,300103,2340430,android.hardware.graphics.composer@2.4-service,1000,855,50300
1626917620654,1626917920825,300170,2350110,com.google.android.youtube,10246,31834,163510
1626917620654,1626917920825,300170,2350110,surfaceflinger,1000,989,114470
1626917620654,1626917920825,300170,2350110,com.google.android.apps.maps,10224,28670,65890
1626917620654,1626917920825,300170,2350110,system_server,1000,1100,64300
1626917620654,1626917920825,300170,2350110,android.hardware.graphics.composer@2.4-service,1000,855,58020
1626917920825,1626918221021,300196,2349920,com.google.android.youtube,10246,31834,168600
1626917920825,1626918221021,300196,2349920,surfaceflinger,1000,989,118610
1626917920825,1626918221021,300196,2349920,system_server,1000,1100,69260
1626917920825,1626918221021,300196,2349920,android.hardware.graphics.composer@2.4-service,1000,855,59920
1626917920825,1626918221021,300196,2349920,com.google.android.apps.maps,10224,28670,58780
1626918221021,1626918521210,300190,2349210,com.google.android.youtube,10246,31834,156850
1626918221021,1626918521210,300190,2349210,surfaceflinger,1000,989,112840
1626918221021,1626918521210,300190,2349210,system_server,1000,1100,74580
1626918221021,1626918521210,300190,2349210,com.google.android.apps.maps,10224,28670,59200
1626918221021,1626918521210,300190,2349210,android.hardware.graphics.composer@2.4-service,1000,855,55120
1626918521210,1626918821415,300205,2346440,com.google.android.youtube,10246,31834,167660
1626918521210,1626918821415,300205,2346440,surfaceflinger,1000,989,116030
1626918521210,1626918821415,300205,2346440,system_server,1000,1100,63210
1626918521210,1626918821415,300205,2346440,android.hardware.graphics.composer@2.4-service,1000,855,57740
1626918521210,1626918821415,300205,2346440,com.google.android.apps.maps,10224,28670,57150
1626918821415,1626919121635,300219,2345400,com.google.android.youtube,10246,31834,159340
1626918821415,1626919121635,300219,2345400,surfaceflinger,1000,989,114710
1626918821415,1626919121635,300219,2345400,system_server,1000,1100,73540
1626918821415,1626919121635,300219,2345400,android.hardware.graphics.composer@2.4-service,1000,855,56120
1626918821415,1626919121635,300219,2345400,com.google.android.apps.maps,10224,28670,55540
1626919121635,1626919421807,300173,2336730,surfaceflinger,1000,989,124170
1626919121635,1626919421807,300173,2336730,com.google.android.youtube,10246,31834,110620
1626919121635,1626919421807,300173,2336730,system_server,1000,1100,86280
1626919121635,1626919421807,300173,2336730,com.google.android.apps.maps,10224,28670,66290
1626919121635,1626919421807,300173,2336730,android.hardware.graphics.composer@2.4-service,1000,855,65410
1626919421807,1626919722038,300230,2332350,surfaceflinger,1000,989,129190
1626919421807,1626919722038,300230,2332350,system_server,1000,1100,82310
1626919421807,1626919722038,300230,2332350,com.google.android.youtube,10246,31834,81510
1626919421807,1626919722038,300230,2332350,com.google.android.apps.maps,10224,28670,71460
1626919421807,1626919722038,300230,2332350,android.hardware.graphics.composer@2.4-service,1000,855,69880
1626919722038,1626920022241,300203,2330490,com.google.android.apps.maps,10224,28670,94300
1626919722038,1626920022241,300203,2330490,surfaceflinger,1000,989,80530
1626919722038,1626920022241,300203,2330490,system_server,1000,1100,78770
1626919722038,1626920022241,300203,2330490,android.hardware.graphics.composer@2.4-service,1000,855,38130
1626919722038,1626920022241,300203,2330490,com.google.android.youtube,10246,31834,34580
1626920022241,1626920322443,300202,2333280,com.google.android.apps.maps,10224,28670,106860
1626920022241,1626920322443,300202,2333280,system_server,1000,1100,77950
1626920022241,1626920322443,300202,2333280,surfaceflinger,1000,989,47930
1626920022241,1626920322443,300202,2333280,com.android.systemui,10060,1995,26420
1626920022241,1626920322443,300202,2333280,android.hardware.sensors@2.0-service.multihal,1000,859,22440
1626920322443,1626920622621,300179,2325590,com.google.android.apps.maps,10224,28670,104100
1626920322443,1626920622621,300179,2325590,system_server,1000,1100,74990
1626920322443,1626920622621,300179,2325590,surfaceflinger,1000,989,45810
1626920322443,1626920622621,300179,2325590,com.android.systemui,10060,1995,27210
1626920322443,1626920622621,300179,2325590,android.hardware.sensors@2.0-service.multihal,1000,859,22490
1626920622621,1626920922739,300117,2329310,com.google.android.apps.maps,10224,28670,102260
1626920622621,1626920922739,300117,2329310,system_server,1000,1100,75050
1626920622621,1626920922739,300117,2329310,surfaceflinger,1000,989,44120
1626920622621,1626920922739,300117,2329310,com.android.systemui,10060,1995,26170
1626920622621,1626920922739,300117,2329310,android.hardware.sensors@2.0-service.multihal,1000,859,22120
1626920922739,1626921222919,300181,2331310,com.google.android.apps.maps,10224,28670,103620
1626920922739,1626921222919,300181,2331310,system_server,1000,1100,76800
1626920922739,1626921222919,300181,2331310,surfaceflinger,1000,989,44730
1626920922739,1626921222919,300181,2331310,com.android.systemui,10060,1995,25620
1626920922739,1626921222919,300181,2331310,android.hardware.sensors@2.0-service.multihal,1000,859,22220
1626921222919,1626921523123,300203,2327540,com.google.android.apps.maps,10224,28670,103420
1626921222919,1626921523123,300203,2327540,system_server,1000,1100,73180
1626921222919,1626921523123,300203,2327540,surfaceflinger,1000,989,45530
1626921222919,1626921523123,300203,2327540,com.android.systemui,10060,1995,25760
1626921222919,1626921523123,300203,2327540,android.hardware.sensors@2.0-service.multihal,1000,859,22670
1626921523123,1626921823305,300183,2332670,com.google.android.apps.maps,10224,28670,130750
1626921523123,1626921823305,300183,2332670,system_server,1000,1100,71260
1626921523123,1626921823305,300183,2332670,surfaceflinger,1000,989,44770
1626921523123,1626921823305,300183,2332670,com.android.systemui,10060,1995,23730
1626921523123,1626921823305,300183,2332670,android.hardware.sensors@2.0-service.multihal,1000,859,21410
1626921823305,1626922123519,300214,2337780,com.google.android.apps.maps,10224,28670,125570
1626921823305,1626922123519,300214,2337780,system_server,1000,1100,80830
1626921823305,1626922123519,300214,2337780,surfaceflinger,1000,989,43240
1626921823305,1626922123519,300214,2337780,com.android.systemui,10060,1995,24210
1626921823305,1626922123519,300214,2337780,android.hardware.sensors@2.0-service.multihal,1000,859,21280
1626922123519,1626922423700,300180,2329660,com.google.android.apps.maps,10224,28670,100580
1626922123519,1626922423700,300180,2329660,system_server,1000,1100,77210
1626922123519,1626922423700,300180,2329660,surfaceflinger,1000,989,47500
1626922123519,1626922423700,300180,2329660,com.android.systemui,10060,1995,27120
1626922123519,1626922423700,300180,2329660,android.hardware.sensors@2.0-service.multihal,1000,859,22980
1626922423700,1626922723901,300201,2330600,com.google.android.apps.maps,10224,28670,104140
1626922423700,1626922723901,300201,2330600,system_server,1000,1100,73620
1626922423700,1626922723901,300201,2330600,surfaceflinger,1000,989,48070
1626922423700,1626922723901,300201,2330600,com.android.systemui,10060,1995,26950
1626922423700,1626922723901,300201,2330600,android.hardware.sensors@2.0-service.multihal,1000,859,22690
1626922723901,1626923024069,300168,2335030,com.google.android.apps.maps,10224,28670,106250
1626922723901,1626923024069,300168,2335030,system_server,1000,1100,82900
1626922723901,1626923024069,300168,2335030,surfaceflinger,1000,989,47930
1626922723901,1626923024069,300168,2335030,com.android.systemui,10060,1995,27260
1626922723901,1626923024069,300168,2335030,android.hardware.sensors@2.0-service.multihal,1000,859,22620
1626923024069,1626923324262,300193,2328250,com.google.android.apps.maps,10224,28670,104360
1626923024069,1626923324262,300193,2328250,system_server,1000,1100,80490
1626923024069,1626923324262,300193,2328250,surfaceflinger,1000,989,48630
1626923024069,1626923324262,300193,2328250,com.android.systemui,10060,1995,26230
1626923024069,1626923324262,300193,2328250,android.hardware.sensors@2.0-service.multihal,1000,859,22530
1626923324262,1626923624462,300201,2326170,com.google.android.apps.maps,10224,28670,113730
1626923324262,1626923624462,300201,2326170,system_server,1000,1100,74030
1626923324262,1626923624462,300201,2326170,surfaceflinger,1000,989,47430
1626923324262,1626923624462,300201,2326170,com.android.systemui,10060,1995,26680
1626923324262,1626923624462,300201,2326170,android.hardware.sensors@2.0-service.multihal,1000,859,21950
1626923624462,1626923924662,300199,2329510,com.google.android.apps.maps,10224,28670,87530
1626923624462,1626923924662,300199,2329510,system_server,1000,1100,76890
1626923624462,1626923924662,300199,2329510,surfaceflinger,1000,989,43750
1626923624462,1626923924662,300199,2329510,com.android.systemui,10060,1995,27160
1626923624462,1626923924662,300199,2329510,com.google.android.gms.persistent,10103,10127,21910
1626923924662,1626924224764,300102,2326380,com.google.android.apps.maps,10224,28670,101230
1626923924662,1626924224764,300102,2326380,system_server,1000,1100,69440
1626923924662,1626924224764,300102,2326380,surfaceflinger,1000,989,47330
1626923924662,1626924224764,300102,2326380,com.android.systemui,10060,1995,26910
1626923924662,1626924224764,300102,2326380,com.google.android.gms.persistent,10103,10127,20760
1626924224764,1626924524923,300160,2328180,com.google.android.apps.maps,10224,28670,102580
1626924224764,1626924524923,300160,2328180,system_server,1000,1100,74840
1626924224764,1626924524923,300160,2328180,surfaceflinger,1000,989,47950
1626924224764,1626924524923,300160,2328180,com.android.systemui,10060,1995,26910
1626924224764,1626924524923,300160,2328180,android.hardware.sensors@2.0-service.multihal,1000,859,22060
1626924524923,1626924825101,300178,2323830,com.google.android.apps.maps,10224,28670,104370
1626924524923,1626924825101,300178,2323830,system_server,1000,1100,72770
1626924524923,1626924825101,300178,2323830,surfaceflinger,1000,989,49280
1626924524923,1626924825101,300178,2323830,com.android.systemui,10060,1995,26960
1626924524923,1626924825101,300178,2323830,android.hardware.sensors@2.0-service.multihal,1000,859,22310
1626924825101,1626925125303,300201,2331980,com.google.android.apps.maps,10224,28670,91610
1626924825101,1626925125303,300201,2331980,system_server,1000,1100,81960
1626924825101,1626925125303,300201,2331980,surfaceflinger,1000,989,44220
1626924825101,1626925125303,300201,2331980,com.android.systemui,10060,1995,29430
1626924825101,1626925125303,300201,2331980,android.hardware.sensors@2.0-service.multihal,1000,859,23060
1626925125303,1626925425481,300179,2326950,com.google.android.apps.maps,10224,28670,101910
1626925125303,1626925425481,300179,2326950,system_server,1000,1100,71490
1626925125303,1626925425481,300179,2326950,surfaceflinger,1000,989,47020
1626925125303,1626925425481,300179,2326950,com.android.systemui,10060,1995,28230
1626925125303,1626925425481,300179,2326950,android.hardware.sensors@2.0-service.multihal,1000,859,22990
1626925425481,1626925725719,300237,2326560,com.google.android.apps.maps,10224,28670,104610
1626925425481,1626925725719,300237,2326560,system_server,1000,1100,72320
1626925425481,1626925725719,300237,2326560,surfaceflinger,1000,989,45790
1626925425481,1626925725719,300237,2326560,com.android.systemui,10060,1995,28400
1626925425481,1626925725719,300237,2326560,android.hardware.sensors@2.0-service.multihal,1000,859,22980
1626925725719,1626926025826,300108,2324670,com.google.android.apps.maps,10224,28670,104780
1626925725719,1626926025826,300108,2324670,system_server,1000,1100,72910
1626925725719,1626926025826,300108,2324670,surfaceflinger,1000,989,45340
1626925725719,1626926025826,300108,2324670,com.android.systemui,10060,1995,28400
1626925725719,1626926025826,300108,2324670,android.hardware.sensors@2.0-service.multihal,1000,859,23250
1626926025826,1626926326019,300193,2322580,com.google.android.apps.maps,10224,28670,108230
1626926025826,1626926326019,300193,2322580,system_server,1000,1100,74860
1626926025826,1626926326019,300193,2322580,surfaceflinger,1000,989,47310
1626926025826,1626926326019,300193,2322580,com.android.systemui,10060,1995,28210
1626926025826,1626926326019,300193,2322580,android.hardware.sensors@2.0-service.multihal,1000,859,23170
1626926326019,1626926626222,300203,2327650,com.google.android.apps.maps,10224,28670,106980
1626926326019,1626926626222,300203,2327650,system_server,1000,1100,77580
1626926326019,1626926626222,300203,2327650,surfaceflinger,1000,989,45890
1626926326019,1626926626222,300203,2327650,com.android.systemui,10060,1995,27180
1626926326019,1626926626222,300203,2327650,android.hardware.sensors@2.0-service.multihal,1000,859,22190
1626926626222,1626926926429,300206,2332790,com.google.android.apps.maps,10224,28670,107970
1626926626222,1626926926429,300206,2332790,system_server,1000,1100,74180
1626926626222,1626926926429,300206,2332790,surfaceflinger,1000,989,47080
1626926626222,1626926926429,300206,2332790,com.android.systemui,10060,1995,28060
1626926626222,1626926926429,300206,2332790,android.hardware.sensors@2.0-service.multihal,1000,859,22530
1626926926429,1626927226584,300155,2332520,com.google.android.apps.maps,10224,28670,100820
1626926926429,1626927226584,300155,2332520,system_server,1000,1100,73070
1626926926429,1626927226584,300155,2332520,surfaceflinger,1000,989,46930
1626926926429,1626927226584,300155,2332520,com.android.systemui,10060,1995,27330
1626926926429,1626927226584,300155,2332520,android.hardware.sensors@2.0-service.multihal,1000,859,21670
1626927226584,1626927526784,300201,2343970,com.google.android.apps.maps,10224,28670,83310
1626927226584,1626927526784,300201,2343970,system_server,1000,1100,69450
1626927226584,1626927526784,300201,2343970,surfaceflinger,1000,989,38290
1626927226584,1626927526784,300201,2343970,com.android.systemui,10060,1995,27790
1626927226584,1626927526784,300201,2343970,android.hardware.sensors@2.0-service.multihal,1000,859,21540
1626927526784,1626927826963,300178,2332870,com.google.android.apps.maps,10224,28670,109120
1626927526784,1626927826963,300178,2332870,system_server,1000,1100,72960
1626927526784,1626927826963,300178,2332870,surfaceflinger,1000,989,48500
1626927526784,1626927826963,300178,2332870,com.android.systemui,10060,1995,27470
1626927526784,1626927826963,300178,2332870,android.hardware.sensors@2.0-service.multihal,1000,859,23030
1626927826963,1626928127143,300180,2330700,com.google.android.apps.maps,10224,28670,104530
1626927826963,1626928127143,300180,2330700,system_server,1000,1100,75680
1626927826963,1626928127143,300180,2330700,surfaceflinger,1000,989,47810
1626927826963,1626928127143,300180,2330700,com.android.systemui,10060,1995,27920
1626927826963,1626928127143,300180,2330700,android.hardware.sensors@2.0-service.multihal,1000,859,23130
1626928127143,1626928427341,300199,2331680,com.google.android.apps.maps,10224,28670,103530
1626928127143,1626928427341,300199,2331680,system_server,1000,1100,75710
1626928127143,1626928427341,300199,2331680,surfaceflinger,1000,989,47430
1626928127143,1626928427341,300199,2331680,com.android.systemui,10060,1995,27980
1626928127143,1626928427341,300199,2331680,android.hardware.sensors@2.0-service.multihal,1000,859,23250
1626928427341,1626928727526,300184,2335680,com.google.android.apps.maps,10224,28670,114410
1626928427341,1626928727526,300184,2335680,system_server,1000,1100,75020
1626928427341,1626928727526,300184,2335680,surfaceflinger,1000,989,48760
1626928427341,1626928727526,300184,2335680,com.android.systemui,10060,1995,27930
1626928427341,1626928727526,300184,2335680,android.hardware.sensors@2.0-service.multihal,1000,859,22810
1626928727526,1626929027696,300170,2329620,com.google.android.apps.maps,10224,28670,93410
1626928727526,1626929027696,300170,2329620,system_server,1000,1100,66590
1626928727526,1626929027696,300170,2329620,surfaceflinger,1000,989,44930
1626928727526,1626929027696,300170,2329620,com.android.systemui,10060,1995,28370
1626928727526,1626929027696,300170,2329620,android.hardware.sensors@2.0-service.multihal,1000,859,21500
1626929027696,1626929327870,300174,2331980,com.google.android.apps.maps,10224,28670,92650
1626929027696,1626929327870,300174,2331980,system_server,1000,1100,64230
1626929027696,1626929327870,300174,2331980,surfaceflinger,1000,989,46720
1626929027696,1626929327870,300174,2331980,com.android.systemui,10060,1995,27580
1626929027696,1626929327870,300174,2331980,android.hardware.sensors@2.0-service.multihal,1000,859,20360
1626929327870,1626929628063,300193,2326390,com.google.android.apps.maps,10224,28670,105650
1626929327870,1626929628063,300193,2326390,system_server,1000,1100,68350
1626929327870,1626929628063,300193,2326390,surfaceflinger,1000,989,47260
1626929327870,1626929628063,300193,2326390,com.android.systemui,10060,1995,27320
1626929327870,1626929628063,300193,2326390,android.hardware.sensors@2.0-service.multihal,1000,859,21060
1626929628063,1626929928281,300219,2328490,com.google.android.apps.maps,10224,28670,111940
1626929628063,1626929928281,300219,2328490,system_server,1000,1100,69780
1626929628063,1626929928281,300219,2328490,surfaceflinger,1000,989,45540
1626929628063,1626929928281,300219,2328490,com.android.systemui,10060,1995,28020
1626929628063,1626929928281,300219,2328490,android.hardware.sensors@2.0-service.multihal,1000,859,23450
1626929928281,1626930228446,300164,2336140,com.google.android.apps.maps,10224,28670,86550
1626929928281,1626930228446,300164,2336140,surfaceflinger,1000,989,77920
1626929928281,1626930228446,300164,2336140,com.google.android.youtube,10246,31834,77240
1626929928281,1626930228446,300164,2336140,system_server,1000,1100,74000
1626929928281,1626930228446,300164,2336140,android.hardware.graphics.composer@2.4-service,1000,855,35940
1626930228446,1626930528665,300220,2342930,com.google.android.youtube,10246,31834,152980
1626930228446,1626930528665,300220,2342930,surfaceflinger,1000,989,119310
1626930228446,1626930528665,300220,2342930,system_server,1000,1100,67630
1626930228446,1626930528665,300220,2342930,android.hardware.graphics.composer@2.4-service,1000,855,62140
1626930228446,1626930528665,300220,2342930,com.google.android.apps.maps,10224,28670,61160
1626930528665,1626930828828,300162,2331660,surfaceflinger,1000,989,131750
1626930528665,1626930828828,300162,2331660,com.google.android.youtube,10246,31834,82350
1626930528665,1626930828828,300162,2331660,com.google.android.apps.maps,10224,28670,73010
1626930528665,1626930828828,300162,2331660,android.hardware.graphics.composer@2.4-service,1000,855,72980
1626930528665,1626930828828,300162,2331660,system_server,1000,1100,68840
1626930828828,1626931129025,300197,2333960,com.google.android.youtube,10246,31834,124580
1626930828828,1626931129025,300197,2333960,surfaceflinger,1000,989,122270
1626930828828,1626931129025,300197,2333960,system_server,1000,1100,68950
1626930828828,1626931129025,300197,2333960,com.google.android.apps.maps,10224,28670,67690
1626930828828,1626931129025,300197,2333960,android.hardware.graphics.composer@2.4-service,1000,855,64210
1626931129025,1626931429212,300187,2344690,com.google.android.youtube,10246,31834,168470
1626931129025,1626931429212,300187,2344690,surfaceflinger,1000,989,114950
1626931129025,1626931429212,300187,2344690,system_server,1000,1100,68040
1626931129025,1626931429212,300187,2344690,com.google.android.apps.maps,10224,28670,60490
1626931129025,1626931429212,300187,2344690,android.hardware.graphics.composer@2.4-service,1000,855,57340
1626931429212,1626932423031,300171,2348170,system_server,1000,1100,47780
1626931429212,1626932423031,300171,2348170,com.google.android.youtube,10246,31834,40000
1626931429212,1626932423031,300171,2348170,com.google.android.apps.maps,10224,28670,38040
1626931429212,1626932423031,300171,2348170,surfaceflinger,1000,989,36860
1626931429212,1626932423031,300171,2348170,com.samsung.android.game.gamehome,10094,17266,19180
1626932423031,1626935013441,300214,2373700,system_server,1000,1100,28120
1626932423031,1626935013441,300214,2373700,com.samsung.android.game.gamehome,10094,17266,24400
1626932423031,1626935013441,300214,2373700,com.google.android.gms,10103,16613,9960
1626932423031,1626935013441,300214,2373700,android.system.suspend@1.0-service,1000,706,8370
1626932423031,1626935013441,300214,2373700,kworker/u16:7,0,8762,4060
1626935013441,1626939894026,300205,2359380,system_server,1000,1100,32990
1626935013441,1626939894026,300205,2359380,com.samsung.android.game.gamehome,10094,17266,21990
1626935013441,1626939894026,300205,2359380,android.system.suspend@1.0-service,1000,706,19860
1626935013441,1626939894026,300205,2359380,com.google.android.gms.persistent,10103,18416,8520
1626935013441,1626939894026,300205,2359380,ueventd,0,593,6520
1626939894026,1626945856997,300136,2364700,com.samsung.android.game.gamehome,10094,17266,23790
1626939894026,1626945856997,300136,2364700,system_server,1000,1100,19260
1626939894026,1626945856997,300136,2364700,android.system.suspend@1.0-service,1000,706,16510
1626939894026,1626945856997,300136,2364700,com.google.android.gms.persistent,10103,18416,5650
1626939894026,1626945856997,300136,2364700,ueventd,0,593,5480
1626945856997,1626951854136,300165,2370270,system_server,1000,1100,17290
1626945856997,1626951854136,300165,2370270,android.system.suspend@1.0-service,1000,706,15410
1626945856997,1626951854136,300165,2370270,com.samsung.android.game.gamehome,10094,17266,13090
1626945856997,1626951854136,300165,2370270,ueventd,0,593,5000
1626945856997,1626951854136,300165,2370270,com.google.android.gms.persistent,10103,18416,4050
1626951854136,1626959506702,300220,2365980,system_server,1000,1100,26660
1626951854136,1626959506702,300220,2365980,android.system.suspend@1.0-service,1000,706,20810
1626951854136,1626959506702,300220,2365980,com.google.android.gms.persistent,10103,18416,8850
1626951854136,1626959506702,300220,2365980,ueventd,0,593,6720
1626951854136,1626959506702,300220,2365980,com.android.bluetooth,1002,3215,4210
1626959506702,1626966325460,300212,2366720,android.system.suspend@1.0-service,1000,706,21720
1626959506702,1626966325460,300212,2366720,system_server,1000,1100,20530
1626959506702,1626966325460,300212,2366720,ueventd,0,593,7030
1626959506702,1626966325460,300212,2366720,com.google.android.gms.persistent,10103,18416,3590
1626959506702,1626966325460,300212,2366720,com.sec.android.sdhms,1000,4296,3090
1626966325460,1626974438710,300187,2365180,android.system.suspend@1.0-service,1000,706,22230
1626966325460,1626974438710,300187,2365180,system_server,1000,1100,18740
1626966325460,1626974438710,300187,2365180,ueventd,0,593,6900
1626966325460,1626974438710,300187,2365180,com.google.android.gms.persistent,10103,18416,3660
1626966325460,1626974438710,300187,2365180,com.sec.android.sdhms,1000,4296,3290
1626974438710,1626978005479,300233,2356770,system_server,1000,1100,44330
1626974438710,1626978005479,300233,2356770,com.google.android.youtube,10246,31834,27620
1626974438710,1626978005479,300233,2356770,surfaceflinger,1000,989,22590
1626974438710,1626978005479,300233,2356770,android.system.suspend@1.0-service,1000,706,14650
1626974438710,1626978005479,300233,2356770,com.android.systemui,10060,1995,8240
1626978005479,1626978305688,300209,2331400,com.google.android.youtube,10246,31834,111020
1626978005479,1626978305688,300209,2331400,surfaceflinger,1000,989,75350
1626978005479,1626978305688,300209,2331400,system_server,1000,1100,37190
1626978005479,1626978305688,300209,2331400,media.codec,1046,1174,23810
1626978005479,1626978305688,300209,2331400,audioserver,1041,966,22780
1626978305688,1626978605865,300177,2336110,com.google.android.youtube,10246,31834,80370
1626978305688,1626978605865,300177,2336110,surfaceflinger,1000,989,69500
1626978305688,1626978605865,300177,2336110,system_server,1000,1100,25860
1626978305688,1626978605865,300177,2336110,media.codec,1046,1174,19680
1626978305688,1626978605865,300177,2336110,android.hardware.graphics.composer@2.4-service,1000,855,18370
1626978605865,1626980815956,300127,2360180,system_server,1000,1100,50060
1626978605865,1626980815956,300127,2360180,android.system.suspend@1.0-service,1000,706,16990
1626978605865,1626980815956,300127,2360180,surfaceflinger,1000,989,10390
1626978605865,1626980815956,300127,2360180,com.android.systemui,10060,1995,9720
1626978605865,1626980815956,300127,2360180,com.instagram.android,10300,23772,8140
1626980815956,1626981116211,300254,2366250,system_server,1000,1100,47280
1626980815956,1626981116211,300254,2366250,surfaceflinger,1000,989,22390
1626980815956,1626981116211,300254,2366250,com.android.settings,0,18703,15080
1626980815956,1626981116211,300254,2366250,com.android.systemui,10060,1995,10090
1626980815956,1626981116211,300254,2366250,android.hardware.graphics.composer@2.4-service,1000,855,6600
1626981116211,1626981416324,300113,2367930,system_server,1000,1100,23910
1626981116211,1626981416324,300113,2367930,surfaceflinger,1000,989,20290
1626981116211,1626981416324,300113,2367930,com.android.settings,0,18703,11600
1626981116211,1626981416324,300113,2367930,com.android.systemui,10060,1995,9970
1626981116211,1626981416324,300113,2367930,android.hardware.graphics.composer@2.4-service,1000,855,6140
1626981416324,1626981716502,300179,2330870,rcuop/7,0,70,44270
1626981416324,1626981716502,300179,2330870,adbd,2000,9734,21280
1626981416324,1626981716502,300179,2330870,kworker/u16:16,0,19942,13990
1626981416324,1626981716502,300179,2330870,kworker/u16:4,0,30474,11360
1626981416324,1626981716502,300179,2330870,kworker/u16:5,0,30843,10330
1626981716502,1626982016704,300202,2324250,adbd,2000,9734,95760
1626981716502,1626982016704,300202,2324250,kworker/u17:0,0,26166,26060
1626981716502,1626982016704,300202,2324250,kworker/u17:2,0,6917,25790
1626981716502,1626982016704,300202,2324250,smdexe,0,10314,25130
1626981716502,1626982016704,300202,2324250,falcon,2000,10265,21870
