_id,storyId,isSubscribed,cardType,addedTimestampMs,isNotifOptedIn,isHidden
869,4918328776458256,0,1,1626288015528,0,0
921,5863546155171856,0,1,1626288015528,0,0
1223,6164636594077712,0,1,1626288015528,0,0
1247,5118067394478080,0,1,1626288015528,0,0
1248,d7a7ebeb-0fe4-4035-bb72-01fc812b0e6c,0,4,1626288015528,0,0
1249,6066054247481360,0,1,1626288015528,0,0
1250,5400259508568080,0,1,1626288015528,0,0
1251,5124150410346496,0,1,1626288015528,0,0
1252,5075335791771648,0,1,1626288015528,0,0
1253,6315636286029840,0,1,1626288015528,0,0
1254,ffffffff-ffff-ffff-ffff-ffffffffffff,0,4,1626288015528,0,0
1255,6327647166267408,0,1,1626288015528,0,0
1256,4884560968679440,0,1,1626288015528,0,0
1257,5e06f70c-3a2c-46dc-b356-7e9596b9c9ed,0,2,1626288015528,0,0
1258,5297934188675088,0,1,1626288015528,0,0
1259,6349131544789008,0,1,1626288015528,0,0
1260,5594144225099792,0,1,1626288015528,0,0
1261,5204207426338816,0,1,1626288015528,0,0
1262,5069419474321408,0,1,1626288015528,0,0
1263,d7dd171f-e4e1-4f90-a8ad-781e916f3562,0,2,1626288015528,0,0
1264,6660573905027088,0,1,1626288015528,0,0
1265,5067512307515392,0,1,1626288015528,0,0
1266,5695077541216256,0,1,1626288015528,0,0
1267,6097805749518352,0,1,1626288015528,0,0
1268,4742546136498192,0,1,1626288015528,0,0
1269,20d053d2-90bf-431e-9bed-9a6d55614074,0,2,1626288015528,0,0
1270,c51d493e-b6fe-44c2-9f71-0e3aac723dfd,1,2,1626288016359,0,0
1271,228,0,9,1626288016359,0,0
1272,874b9924832f83cc0857589fb46f90f7,0,13,1626288016875,0,0
1273,c7abd5929ba69f21bb56efe2a9616ff1,0,13,1626288016875,0,0
1274,997c153137938c1d58c1c46fc5bc4975,0,13,1626288016875,0,0
1275,2d5054cdd6508d24fd276a514a27c6bc,0,13,1626288016875,0,0
1276,abdc81ae94f41a5c64c6c30875ed52ae,0,13,1626288016875,0,0
1277,0651ac0f04426116a6f40fd4520472e2,0,13,1626288016875,0,0
1278,e6011c00bab4f99b8486c2833194df41,0,13,1626288016875,0,0
1279,1e8dff664ca5ef0309bdbb42e45cb7ec,0,13,1626288016875,0,0
1280,0da4ceb46c68f603fa62da05e7e87676,0,13,1626288016875,0,0
1281,d52606abad024d7f1e4cb7d121d85ac5,0,13,1626288016875,0,0
1282,bc335e1dccaf5dc15c18b92159491d74,0,13,1626288016875,0,0
1283,e00f365d9acbd923b5dbb4aa0ca3bf19,0,13,1626288016875,0,0
1284,7c08095e534ef5fa9d3d6c701e35eacf,0,13,1626288016875,0,0
1285,8900be906c83d9bb47d9afe689275ca5,0,13,1626288016875,0,0
1286,d903b1b5a6d16059900fd673583afc24,0,13,1626288016875,0,0
1287,97f552ce33294e7c7f2cc7ed5d2a0e18,0,13,1626288016875,0,0
1288,e1e6774302fd82ffb4afc9e29138b5f0,0,13,1626288016875,0,0
1289,4b33fcdfa7b94207b45cb65b103e4f20,0,13,1626288016875,0,0
1290,144fcbd737babdde291218c0ad579f29,0,13,1626288016875,0,0
1291,5bef1a18b78b8758865b36a4ac2f94aa,0,13,1626288016875,0,0
1292,bc5dd1ec7a261b83fea6bcde90463a64,0,13,1626288016875,0,0
1293,32b52e0e36aca8bb39f8dad0335976b5,0,13,1626288016875,0,0
1294,93f74049a27b4cae61d017d000edca87,0,13,1626288016875,0,0
1295,1da5fef73ac9b7bdb17bd6d82c70fa0c,0,13,1626288016875,0,0
1296,9c2a4ef94a6cac3be120023625cf0add,0,13,1626288016875,0,0
